{"hierarchy/scale_Trend":0.6524991393089294,"_wandb":{"runtime":1436},"hierarchy/scale_coarse":1.163950800895691,"hierarchy/scales_chart":{"height":600,"_type":"image-file","sha256":"4f92d37c8fcef4e47ccd272216b4d2a2f9e2d8acf564064861ecc295f07d1001","size":21493,"path":"media/images/hierarchy/scales_chart_74_4f92d37c8fcef4e47ccd.png","format":"png","width":1000},"system/estimated_time_left_seconds":48383.95285954052,"epoch":1,"step":3188,"loss/mse":0.25125852227211,"_timestamp":1.763184256841223e+09,"learning_rate/group_0":0.001,"hierarchy/scale_Residual":1.350845217704773,"val_loss":0.7194952839200601,"_runtime":1436,"hierarchy/scale_fine":1.0393974781036377,"_step":104,"system/speed_seconds_per_iter":1.5541549807124668,"train_loss":0.25125852227211,"system/epoch_time_seconds":500.6869282722473}