{"system/speed_seconds_per_iter":4.362455433932218,"metrics/CORR_mean_log":1.5734373206755412,"learning_rate/group_0":0.0002621440000000001,"hierarchy/scale_coarse":1.1934762001037598,"loss/mse":0.3371496796607971,"metrics/RMSE":0.5093647837638855,"_wandb":{"runtime":4889},"hierarchy/scales_chart":{"path":"media/images/hierarchy/scales_chart_378_32fbf28c48f3b0fa9256.png","format":"png","width":1000,"height":600,"_type":"image-file","sha256":"32fbf28c48f3b0fa9256b7e0934de6d05e4fa3d68bccc3fa341fe9deee7698c3","size":21253},"metrics/MSPE":3.0518218e+07,"predictions/samples":{"_type":"image-file","sha256":"c81aeb71a527651c60656c7e7830d4eb26b916da822edb7ad0ded6a8c471445e","size":189932,"path":"media/images/predictions/samples_381_c81aeb71a527651c6065.png","format":"png","width":1200,"height":1500},"metrics/MAE_log":-0.5190320314274048,"_step":381,"hierarchy/scale_Residual":0.9779514074325562,"system/estimated_time_left_seconds":100004.92836746217,"metrics/CORR_mean":37.44874954223633,"metrics/MSPE_log":7.4845591709813615,"metrics/RSE":0.6704964637756348,"step":0,"_runtime":4889,"system/epoch_time_seconds":481.5260636806488,"train_loss":0.46706012358980165,"metrics/MSE":0.2594524919986725,"hierarchy/scale_Trend":0.953803539276123,"metrics/RSE_log":-0.17360350822751835,"metrics/MAPE":17.110767364501953,"hierarchy/scale_fine":1.2510874271392822,"val_loss":0.5849546550204919,"epoch":0,"metrics/MAPE_log":1.233269486732172,"metrics/CORR":[43.62089157104492,43.40788650512695,43.18281936645508,42.95490264892578,42.72389602661133,42.489192962646484,42.25120162963867,42.01261520385742,41.771820068359375,41.52448272705078,41.274539947509766,41.0211296081543,40.764671325683594,40.50815963745117,40.2549934387207,40.00578308105469,39.76435089111328,39.53330993652344,39.31732940673828,39.11625671386719,38.934661865234375,38.77408981323242,38.63390350341797,38.51904296875,38.42893981933594,38.36455535888672,38.32828140258789,38.31785583496094,38.33192825317383,38.371063232421875,38.43193435668945,38.506839752197266,38.59712600708008,38.695037841796875,38.79977798461914,38.9069709777832,39.01466751098633,39.12211227416992,39.224056243896484,39.315547943115234,39.394676208496094,39.463958740234375,39.52472686767578,39.57466125488281,39.61493682861328,39.65019989013672,39.67397689819336,39.68904113769531,39.69546890258789,39.701839447021484,39.69773864746094,39.68806838989258,39.67951202392578,39.66640090942383,39.652793884277344,39.6346549987793,39.6131477355957,39.584991455078125,39.55636215209961,39.52643966674805,39.49592971801758,39.468135833740234,39.44211196899414,39.41853713989258,39.40103530883789,39.390010833740234,39.38486862182617,39.387489318847656,39.397727966308594,39.41472244262695,39.44062423706055,39.47309112548828,39.517024993896484,39.56769943237305,39.62160873413086,39.674530029296875,39.72230911254883,39.76456069946289,39.808349609375,39.847190856933594,39.87712860107422,39.895416259765625,39.898773193359375,39.89120864868164,39.873558044433594,39.84939956665039,39.81776809692383,39.769500732421875,39.713314056396484,39.65275955200195,39.583099365234375,39.51211929321289,39.43655776977539,39.36209487915039,39.286781311035156,39.215152740478516,39.13839340209961,39.059085845947266,38.9820442199707,38.902442932128906,38.82302474975586,38.746070861816406,38.674705505371094,38.60388946533203,38.53654098510742,38.47574234008789,38.41145706176758,38.351417541503906,38.295623779296875,38.241085052490234,38.18180465698242,38.12529373168945,38.07081604003906,38.01902770996094,37.96399688720703,37.91132354736328,37.859474182128906,37.8092041015625,37.7567138671875,37.69948196411133,37.64072799682617,37.581298828125,37.52055358886719,37.45686721801758,37.39179229736328,37.32261657714844,37.25021743774414,37.171321868896484,37.082584381103516,36.98884201049805,36.888309478759766,36.78078842163086,36.66542434692383,36.5439338684082,36.423919677734375,36.30043411254883,36.17181396484375,36.042945861816406,35.905948638916016,35.76099395751953,35.616146087646484,35.467926025390625,35.31235885620117,35.149688720703125,34.980594635009766,34.80497741699219,34.62912368774414,34.44968795776367,34.27284622192383,34.09272766113281,33.9135856628418,33.73417282104492,33.5637321472168,33.40342330932617,33.24714660644531,33.0943603515625,32.95789337158203,32.83406448364258,32.72599411010742,32.62733459472656,32.549259185791016,32.47868347167969,32.40805435180664,32.346160888671875,32.2886962890625,32.236358642578125,32.19354248046875,32.15614700317383,32.12212371826172,32.092010498046875,32.06801986694336,32.05801773071289,32.05392074584961,32.06877517700195,32.099639892578125,32.13459014892578,32.17403793334961,32.21953201293945,32.2617073059082,32.29962921142578,32.3346061706543,32.361671447753906,32.381656646728516,32.39960861206055,32.41801071166992,32.43292999267578,32.439632415771484,32.44078826904297,32.42751693725586,32.412994384765625,32.384124755859375,32.33554458618164],"metrics/MSE_log":-0.5859421534542961,"metrics/MAE":0.3026690185070038,"_timestamp":1.7631914705925658e+09,"metrics/RMSE_log":-0.29297108430816277}