{"val_loss":1.217444521409494,"system/speed_seconds_per_iter":14.104197535514832,"hierarchy/scale_coarse":1.1621832847595215,"_timestamp":1.763178480291919e+09,"hierarchy/scale_fine":1.5074843168258667,"train_loss":0.3701193034648895,"_runtime":1437,"hierarchy/scale_Trend":0.9414186477661133,"step":2394,"system/estimated_time_left_seconds":451559.98829704284,"system/epoch_time_seconds":643.8887004852295,"_step":80,"learning_rate/group_0":0.001,"loss/mse":0.3701193034648895,"hierarchy/scales_chart":{"path":"media/images/hierarchy/scales_chart_74_1a975cb91d8d41d3ca1e.png","format":"png","width":1000,"height":600,"_type":"image-file","sha256":"1a975cb91d8d41d3ca1e1cf988a240e0db566d88eb006fa3c1ebfa975250a3be","size":21475},"_wandb":{"runtime":1437},"hierarchy/scale_Residual":1.0895664691925049,"epoch":1}