{"epoch":1,"val_loss":1.4895556116545643,"learning_rate/group_0":0.001,"_timestamp":1.763180769583352e+09,"system/epoch_time_seconds":851.5623302459717,"_wandb":{"runtime":2220},"_step":95,"hierarchy/scale_Trend":0.7394323945045471,"hierarchy/scales_chart":{"size":21457,"path":"media/images/hierarchy/scales_chart_74_56d1def0a642e678308e.png","format":"png","width":1000,"height":600,"_type":"image-file","sha256":"56d1def0a642e678308e473aa9e40b29df53e7557397a1e12b6a3e70d4ff1a84"},"_runtime":2220,"train_loss":0.3464733362197876,"loss/mse":0.3464733362197876,"system/speed_seconds_per_iter":3.663129981358846,"hierarchy/scale_coarse":1.0756453275680542,"step":2894,"hierarchy/scale_Residual":1.368080496788025,"hierarchy/scale_fine":1.1259076595306396,"system/estimated_time_left_seconds":115447.20449250538}