{"metrics/RMSE":0.6355488300323486,"metrics/RSE_log":-0.1311706379375436,"system/epoch_time_seconds":770.8805615901947,"predictions/samples":{"path":"media/images/predictions/samples_334_0f10e06c89ce5a24a56c.png","format":"png","width":1200,"height":1500,"_type":"image-file","sha256":"0f10e06c89ce5a24a56ca34dca3e344cb99ec88e754b4dfa80b7d4bd701ffb1a","size":163809},"metrics/MAPE_log":0.30241202066053385,"epoch":0,"metrics/MSE_log":-0.39370214838191436,"metrics/CORR":[49.14406967163086,48.96699905395508,48.776554107666016,48.58621597290039,48.40790939331055,48.25017166137695,48.118194580078125,48.01655960083008,47.94700241088867,47.90776824951172,47.896724700927734,47.910301208496094,47.94547653198242,48.00008010864258,48.07066345214844,48.153865814208984,48.24562454223633,48.340919494628906,48.437049865722656,48.532135009765625,48.622676849365234,48.70279312133789,48.765220642089844,48.80078887939453,48.79948425292969,48.74982833862305,48.640174865722656,48.45953369140625,48.198299407958984,47.85039520263672,47.414695739746094,46.89710998535156,46.31333923339844,45.683414459228516,45.030723571777344,44.38151550292969,43.76594543457031,43.20881271362305,42.73201370239258,42.34858703613281,42.06523895263672,41.88294219970703,41.79391860961914,41.78453063964844,41.8394775390625,41.939476013183594,42.06081008911133,42.17841720581055,42.268310546875,42.31078338623047,42.29338073730469,42.21110153198242,42.066162109375,41.86765670776367,41.629112243652344,41.36494064331055,41.088687896728516,40.81014633178711,40.53653335571289,40.27484130859375,40.03070831298828,39.8072395324707,39.608455657958984,39.4377555847168,39.30009078979492,39.2015266418457,39.14828872680664,39.14747619628906,39.205989837646484,39.33110809326172,39.530059814453125,39.8072624206543,40.16653060913086,40.60896301269531,41.13148498535156,41.727394104003906,42.3869743347168,43.0971794128418,43.842594146728516,44.60686492919922,45.37260818481445,46.12354278564453,46.84222412109375,47.513916015625,48.12948989868164,48.68289566040039,49.16817092895508,49.57828140258789,49.90413284301758,50.138397216796875,50.275569915771484,50.31494903564453,50.25971984863281,50.11593246459961,49.88979721069336,49.58662033081055],"metrics/RSE":0.7393147349357605,"system/speed_seconds_per_iter":6.272830629565499,"loss/mse":0.2427479475736618,"metrics/RMSE_log":-0.19685107635727475,"metrics/MAE_log":-0.42349570384260193,"metrics/CORR_mean_log":1.653846016130329,"val_loss":0.521503178609742,"metrics/MAE":0.37714147567749023,"metrics/MSPE_log":4.209019825963724,"metrics/CORR_mean":45.06568908691406,"metrics/MAPE":2.0063745975494385,"metrics/MSPE":16181.5390625,"metrics/MSE":0.40392231941223145,"step":0,"system/estimated_time_left_seconds":150974.48759238244,"train_loss":0.25139193948670907,"_runtime":7137,"learning_rate/group_0":3.276800000000001e-05,"_timestamp":1.7632156607299774e+09,"_wandb":{"runtime":7137},"_step":334}