{"epoch":0,"system/speed_seconds_per_iter":4.173873188062148,"metrics/RSE":0.8327850699424744,"metrics/MSPE_log":4.477763738656986,"predictions/samples":{"width":1200,"height":1500,"_type":"image-file","sha256":"e1083889264888e49b5c436fe01be767fca8249a1213305be3f186908768eed3","size":171459,"path":"media/images/predictions/samples_482_e1083889264888e49b5c.png","format":"png"},"metrics/MSE_log":-0.29029502840578275,"metrics/MSE":0.5125131011009216,"step":0,"_timestamp":1.7632237443769581e+09,"_runtime":4777,"metrics/RSE_log":-0.07946706934801234,"loss/mse":0.23434028029441833,"metrics/MSPE":30044.4140625,"metrics/CORR_mean_log":1.6603966026024126,"metrics/CORR_mean":45.750579833984375,"metrics/MAE_log":-0.3217719192201968,"val_loss":0.3678775392932656,"train_loss":0.33875347353465907,"system/epoch_time_seconds":327.31117272377014,"_wandb":{"runtime":4777},"learning_rate/group_0":1.3421772800000007e-05,"metrics/MAPE":2.6475839614868164,"metrics/MAE":0.47668126225471497,"metrics/CORR":[49.75322723388672,49.667911529541016,49.51310348510742,49.30995559692383,49.083370208740234,48.85744857788086,48.65160369873047,48.48052215576172,48.35272979736328,48.27027893066406,48.23212814331055,48.23394012451172,48.27215576171875,48.34412384033203,48.44661331176758,48.57658386230469,48.730220794677734,48.90255355834961,49.088897705078125,49.28348159790039,49.477821350097656,49.66109085083008,49.81916427612305,49.93572235107422,49.994056701660156,49.977176666259766,49.871341705322266,49.667633056640625,49.36329650878906,48.96320724487305,48.481040954589844,47.93746566772461,47.357513427734375,46.76694107055664,46.189186096191406,45.64396667480469,45.14686965942383,44.707977294921875,44.334861755371094,44.03279113769531,43.80547332763672,43.65571594238281,43.58453369140625,43.58804702758789,43.65914535522461,43.78767395019531,43.95903396606445,44.15694808959961,44.36309051513672,44.55528259277344,44.709075927734375,44.79812240600586,44.79855728149414,44.69054412841797,44.45964050292969,44.09832763671875,43.60921859741211,43.00662612915039,42.31822967529297,41.58358383178711,40.848670959472656,40.15557098388672,39.53837966918945,39.01698684692383,38.60158920288086,38.295841217041016,38.10389709472656,38.031150817871094,38.07954406738281,38.247589111328125,38.531612396240234,38.923580169677734,39.41237258911133,39.98519515991211,40.627052307128906,41.32185363769531,42.05403137207031,42.80855178833008,43.571231842041016,44.329315185546875,45.0706672668457,45.785255432128906,46.46445083618164,47.10155487060547,47.69153594970703,48.23055648803711,48.71635055541992,49.14848709106445,49.5275993347168,49.854976654052734,50.132484436035156,50.362327575683594,50.548828125,50.69578170776367,50.80415725708008,50.869911193847656],"metrics/MAPE_log":0.4228497415748602,"metrics/RMSE_log":-0.14514752667359804,"_step":482,"system/estimated_time_left_seconds":81357.13618170738,"metrics/RMSE":0.715900182723999}