{"epoch":0,"hierarchy/scales_chart":{"format":"png","width":1000,"height":600,"_type":"image-file","sha256":"dcae64fbd8c1882b4970a4bb78c199633f523a81135e87b58ac970731998a02d","size":21668,"path":"media/images/hierarchy/scales_chart_378_dcae64fbd8c1882b4970.png"},"loss/mse":0.4521608352661133,"metrics/RSE":0.7095867395401001,"system/speed_seconds_per_iter":6.712213611819528,"metrics/MAPE_log":1.2740925279973292,"metrics/MSE":0.29190465807914734,"metrics/RSE_log":-0.1489945089527418,"metrics/MSPE":3.73607e+07,"learning_rate/group_0":0.0002621440000000001,"hierarchy/scale_Trend":0.9782940745353699,"predictions/samples":{"sha256":"088dc2d9e4099ac589fe8625a749bdb264d1e79cd384d169600eb7446ddabc41","size":199202,"path":"media/images/predictions/samples_381_088dc2d9e4099ac589fe.png","format":"png","width":1200,"height":1500,"_type":"image-file"},"train_loss":0.5662012263348228,"val_loss":0.6790365313330005,"step":0,"_wandb":{"runtime":7509},"metrics/MAPE":18.79717254638672,"metrics/CORR_mean":34.36760330200195,"system/estimated_time_left_seconds":153306.958893958,"metrics/CORR_mean_log":1.5361492467440103,"metrics/MAE":0.31848177313804626,"metrics/RMSE":0.5402820110321045,"metrics/MAE_log":-0.4969154173589161,"metrics/MSPE_log":7.572415004691068,"metrics/MSE_log":-0.5347589745379954,"system/epoch_time_seconds":739.9934794902802,"hierarchy/scale_Residual":0.9563716650009155,"hierarchy/scale_fine":1.288041114807129,"hierarchy/scale_coarse":1.349321722984314,"metrics/RMSE_log":-0.26737949219821044,"_runtime":7509,"_timestamp":1.7631989859325583e+09,"metrics/CORR":[43.97243118286133,43.82145309448242,43.65704345703125,43.49398422241211,43.32773971557617,43.162322998046875,42.9974365234375,42.83713912963867,42.67975616455078,42.524139404296875,42.371978759765625,42.22142791748047,42.072818756103516,41.92164993286133,41.77674102783203,41.62941360473633,41.48796844482422,41.3528938293457,41.22023010253906,41.09516906738281,40.97300338745117,40.85437774658203,40.73817443847656,40.612701416015625,40.489383697509766,40.36001968383789,40.23286819458008,40.104984283447266,39.97590637207031,39.86214065551758,39.76094436645508,39.66594696044922,39.583717346191406,39.51245880126953,39.45553970336914,39.40938186645508,39.37369918823242,39.348079681396484,39.322078704833984,39.29468536376953,39.262298583984375,39.227691650390625,39.19260025024414,39.156707763671875,39.12165069580078,39.08481216430664,39.04560089111328,39.00576400756836,38.95642852783203,38.90191650390625,38.843223571777344,38.780860900878906,38.721317291259766,38.66112518310547,38.599456787109375,38.540157318115234,38.48651885986328,38.43989181518555,38.39603805541992,38.352447509765625,38.30141067504883,38.24995422363281,38.19838333129883,38.150787353515625,38.098052978515625,38.044403076171875,37.99040985107422,37.936798095703125,37.889469146728516,37.845787048339844,37.809600830078125,37.7756233215332,37.74904251098633,37.73094940185547,37.71417236328125,37.702232360839844,37.69464111328125,37.68872833251953,37.690391540527344,37.69526290893555,37.708805084228516,37.73309326171875,37.76066589355469,37.795772552490234,37.83475112915039,37.87743377685547,37.91616439819336,37.95769500732422,38.00443649291992,38.0441780090332,38.08030319213867,38.11667251586914,38.15243911743164,38.1864013671875,38.218719482421875,38.24905014038086,38.26847839355469,38.28245162963867,38.29631805419922,38.306861877441406,38.31156539916992,38.31695556640625,38.32581329345703,38.3338508605957,38.34080123901367,38.345855712890625,38.33478546142578,38.31832504272461,38.303382873535156,38.28647994995117,38.25617980957031,38.22154998779297,38.187808990478516,38.15026092529297,38.10634231567383,38.05399703979492,37.996822357177734,37.933982849121094,37.85806655883789,37.772865295410156,37.684959411621094,37.596534729003906,37.509429931640625,37.41972732543945,37.32966232299805,37.24212646484375,37.15540313720703,37.0651969909668,36.968101501464844,36.86396408081055,36.74938201904297,36.63111114501953,36.50193405151367,36.3633918762207,36.2193603515625,36.07244110107422,35.92625045776367,35.77594757080078,35.619598388671875,35.458770751953125,35.29785919189453,35.128936767578125,34.956390380859375,34.78058624267578,34.59589385986328,34.39983367919922,34.195194244384766,33.97367858886719,33.74501037597656,33.50490188598633,33.25350570678711,32.98487854003906,32.708614349365234,32.432525634765625,32.14846420288086,31.856765747070312,31.56479263305664,31.26865005493164,30.969066619873047,30.6661434173584,30.375072479248047,30.09746742248535,29.831687927246094,29.579757690429688,29.352739334106445,29.146738052368164,28.96341896057129,28.8116455078125,28.69723892211914,28.618703842163086,28.582796096801758,28.595115661621094,28.65547752380371,28.766067504882812,28.913644790649414,29.101871490478516,29.324264526367188,29.578767776489258,29.85227394104004,30.136220932006836,30.430728912353516,30.722604751586914,30.999784469604492,31.2719783782959,31.542306900024414,31.81011962890625,32.06331253051758,32.30500411987305,32.53510284423828,32.75495147705078,32.95631790161133,33.14146423339844,33.32332229614258,33.492252349853516,33.6507568359375,33.80475997924805,33.95418167114258,34.09251403808594,34.223819732666016,34.34400177001953,34.45836639404297,34.57086944580078,34.66859817504883,34.76057815551758,34.855186462402344,34.93718719482422,35.01065444946289,35.080047607421875,35.14533615112305,35.202476501464844,35.25459671020508,35.30784606933594,35.34874725341797,35.377498626708984,35.404911041259766,35.4231071472168,35.43462371826172,35.439666748046875,35.439849853515625,35.431270599365234,35.4139404296875,35.399444580078125,35.37914276123047,35.374752044677734,35.37151336669922,35.365718841552734,35.36174392700195,35.354759216308594,35.34847640991211,35.33804702758789,35.32124710083008,35.29218673706055,35.25539779663086,35.2171630859375,35.17781066894531,35.13322067260742,35.09062957763672,35.049407958984375,35.005889892578125,34.96897888183594,34.92993927001953,34.890533447265625,34.84560012817383,34.801849365234375,34.75849914550781,34.704036712646484,34.64739227294922,34.59292221069336,34.53684616088867,34.47902297973633,34.41331100463867,34.347721099853516,34.285552978515625,34.22163772583008,34.1619873046875,34.09131622314453,34.0258674621582,33.95757293701172,33.89723587036133,33.824153900146484,33.75062561035156,33.672698974609375,33.591922760009766,33.51054763793945,33.43455505371094,33.35067367553711,33.27177047729492,33.19123077392578,33.10700225830078,33.02568817138672,32.93602752685547,32.844383239746094,32.75499725341797,32.649749755859375,32.53795623779297,32.420230865478516,32.29107666015625,32.153507232666016,31.99920082092285,31.826204299926758,31.646650314331055,31.447275161743164,31.237960815429688,31.000808715820312,30.757368087768555,30.493907928466797,30.2110538482666,29.922502517700195,29.620004653930664,29.2990665435791,28.958694458007812,28.610090255737305,28.242431640625,27.866689682006836,27.478195190429688,27.079845428466797,26.674137115478516,26.255863189697266,25.844120025634766,25.443071365356445,25.050155639648438,24.67391586303711,24.316593170166016,23.98264503479004,23.674278259277344,23.396339416503906,23.140453338623047,22.912704467773438,22.71758270263672,22.558334350585938,22.432470321655273,22.339786529541016,22.284286499023438,22.2675724029541,22.28110122680664,22.33417510986328,22.421985626220703,22.543100357055664,22.69856834411621,22.88477325439453,23.103633880615234,23.353120803833008,23.633541107177734,23.93457794189453,24.260019302368164,24.596107482910156,24.95458984375,25.3338623046875,25.716930389404297,26.098888397216797,26.480823516845703,26.852266311645508,27.212980270385742,27.562000274658203,27.89432144165039,28.20503807067871],"_step":381}