{"learning_rate/group_0":0.0005120000000000001,"metrics/MAE":0.3541310131549835,"system/epoch_time_seconds":266.7123203277588,"_timestamp":1.7631828339617379e+09,"system/speed_seconds_per_iter":1.678014848015525,"metrics/MSPE_log":7.253781331298318,"metrics/MAPE":13.868497848510742,"predictions/samples":{"height":1500,"_type":"image-file","sha256":"827869baba5f3f086646cffed2f41a85ae9ad2b105c3f0a017555d0c5e98ca95","size":156827,"path":"media/images/predictions/samples_267_827869baba5f3f086646.png","format":"png","width":1200},"metrics/CORR_mean":34.7213020324707,"metrics/MSE":0.3075527548789978,"metrics/CORR_mean_log":1.5405960026495649,"val_loss":0.6933998101287417,"hierarchy/scale_Residual":1.15714430809021,"_wandb":{"runtime":1907},"metrics/MSPE":1.7938302e+07,"_runtime":1907,"metrics/MSE_log":-0.5120803783238047,"epoch":0,"hierarchy/scale_coarse":1.1111513376235962,"train_loss":0.2968793329250948,"hierarchy/scale_fine":1.0160491466522217,"metrics/CORR":[36.836116790771484,36.87866973876953,36.91763687133789,36.9548454284668,36.99327087402344,37.029823303222656,37.06354522705078,37.09557342529297,37.1268424987793,37.156455993652344,37.18628692626953,37.21466827392578,37.24246597290039,37.26652145385742,37.28864288330078,37.30823516845703,37.32694625854492,37.343048095703125,37.35707092285156,37.36799621582031,37.37525177001953,37.37815475463867,37.37845230102539,37.375064849853516,37.36743927001953,37.35382843017578,37.334556579589844,37.31089401245117,37.281982421875,37.24713897705078,37.20753479003906,37.16107177734375,37.11115646362305,37.05220031738281,36.98664474487305,36.91318130493164,36.83222198486328,36.74473190307617,36.64992904663086,36.54900360107422,36.442359924316406,36.32695770263672,36.20631790161133,36.079612731933594,35.94412612915039,35.80168151855469,35.65299606323242,35.49773406982422,35.33621597290039,35.16981887817383,34.99900436401367,34.82638168334961,34.65183639526367,34.47703552246094,34.30415725708008,34.13285827636719,33.9648551940918,33.7991828918457,33.63585662841797,33.47798156738281,33.32612609863281,33.179962158203125,33.03992462158203,32.906211853027344,32.77934646606445,32.6595344543457,32.547142028808594,32.444759368896484,32.34836196899414,32.260528564453125,32.17879867553711,32.10385513305664,32.035911560058594,31.9726505279541,31.91377830505371,31.859130859375,31.808521270751953,31.761343002319336,31.716962814331055,31.675033569335938,31.636751174926758,31.60042953491211,31.563913345336914,31.526611328125,31.488176345825195,31.44695472717285,31.402145385742188,31.35227394104004,31.298717498779297,31.240095138549805,31.176467895507812,31.105722427368164,31.02998924255371,30.947792053222656,30.8590087890625,30.75991439819336],"_step":267,"metrics/MAPE_log":1.1420294234821697,"metrics/RMSE_log":-0.25604020510521325,"loss/mse":0.8950096964836121,"metrics/RSE_log":-0.13618791110925463,"metrics/RSE":0.7308228015899658,"hierarchy/scale_Trend":0.8330170512199402,"step":0,"system/estimated_time_left_seconds":44346.576403354295,"metrics/RMSE":0.5545743703842163,"hierarchy/scales_chart":{"height":600,"_type":"image-file","sha256":"0a4ac882e12eae2f24710abc150f16d0358550a7a7eff9b148abd5dd8bdbcd92","size":21327,"path":"media/images/hierarchy/scales_chart_264_0a4ac882e12eae2f2471.png","format":"png","width":1000},"metrics/MAE_log":-0.45083603795322824}