{"metrics/MAE_log":-0.5826417132622895,"epoch":0,"metrics/MSPE_log":7.570953364315506,"predictions/samples":{"format":"png","width":1200,"height":1500,"_type":"image-file","sha256":"599e318d034c9321ad2e9704985865bbb50ccc706b826d600bab118533d0a81b","size":162482,"path":"media/images/predictions/samples_267_599e318d034c9321ad2e.png"},"metrics/CORR":[43.691287994384766,43.48643493652344,43.26985168457031,43.04947280883789,42.82376480102539,42.59111022949219,42.351234436035156,42.11033248901367,41.86791229248047,41.62128448486328,41.37429428100586,41.123558044433594,40.874332427978516,40.62651824951172,40.380218505859375,40.13585662841797,39.89669418334961,39.661800384521484,39.433998107910156,39.211795806884766,38.99772262573242,38.79124450683594,38.59412384033203,38.40626525878906,38.23225402832031,38.07410430908203,37.937374114990234,37.824012756347656,37.735355377197266,37.67405319213867,37.63856887817383,37.628997802734375,37.64527130126953,37.67909622192383,37.73267364501953,37.803863525390625,37.88877487182617,37.9822998046875,38.080169677734375,38.18016052246094,38.27972412109375,38.37742614746094,38.473812103271484,38.566776275634766,38.65776824951172,38.746883392333984,38.83156204223633,38.91862487792969,39.00589370727539,39.094993591308594,39.18217468261719,39.267478942871094,39.3544807434082,39.4410285949707,39.5282096862793,39.61671447753906,39.70541000366211,39.78929901123047,39.86977005004883,39.94679641723633,40.01662826538086,40.08290481567383,40.14286422729492,40.199398040771484,40.25298309326172,40.30238723754883,40.34966278076172,40.39543533325195,40.43975067138672,40.47996520996094,40.51847457885742,40.552913665771484,40.58555221557617,40.61416244506836,40.64095687866211,40.664920806884766,40.68815612792969,40.71125793457031,40.735816955566406,40.762359619140625,40.78495407104492,40.79962921142578,40.80575180053711,40.80730438232422,40.804630279541016,40.797855377197266,40.791053771972656,40.77760696411133,40.764366149902344,40.74979019165039,40.73184585571289,40.71331787109375,40.68929672241211,40.66537094116211,40.636051177978516,40.60541534423828],"metrics/MAPE":17.76972198486328,"_runtime":2054,"step":0,"system/estimated_time_left_seconds":47807.246998832874,"train_loss":0.4068102248227378,"metrics/MAPE_log":1.2496806331322095,"_timestamp":1.7631865736798913e+09,"val_loss":0.5250729280121532,"metrics/RSE_log":-0.22509772264699152,"system/speed_seconds_per_iter":1.8089619721065868,"hierarchy/scales_chart":{"width":1000,"height":600,"_type":"image-file","sha256":"9a5eeffd5c9bcb2e377b10767b63b65f794b5bd102182dd14602050ccc5a2819","size":21335,"path":"media/images/hierarchy/scales_chart_264_9a5eeffd5c9bcb2e377b.png","format":"png"},"metrics/RMSE":0.4519079625606537,"metrics/MSPE":3.7235172e+07,"metrics/CORR_mean":39.935665130615234,"metrics/CORR_mean_log":1.6013609220273821,"metrics/RSE":0.5955281257629395,"metrics/MAE":0.2614317238330841,"metrics/MSE_log":-0.689899991579606,"hierarchy/scale_fine":1.1714287996292114,"hierarchy/scale_Residual":1.1594865322113037,"metrics/MSE":0.20422081649303436,"loss/mse":0.3309144079685211,"learning_rate/group_0":0.0005120000000000001,"hierarchy/scale_Trend":0.8087738752365112,"_wandb":{"runtime":2054},"_step":267,"metrics/RMSE_log":-0.3449500062919082,"system/epoch_time_seconds":289.21509051322937,"hierarchy/scale_coarse":1.2808144092559814}