{"_runtime":1532,"metrics/RMSE_log":-0.07616011743632373,"metrics/MSPE_log":4.6912816355211095,"metrics/MSE":0.7041736841201782,"val_loss":1.151156827041081,"system/speed_seconds_per_iter":2.942599879741669,"metrics/RSE":0.7970723509788513,"system/epoch_time_seconds":133.97770977020264,"metrics/MAE_log":-0.24977642607527664,"metrics/CORR_mean_log":1.197918918282467,"metrics/CORR_mean":15.773167610168457,"metrics/MSE_log":-0.15232020904645735,"system/estimated_time_left_seconds":29661.406787796022,"metrics/MSPE":49122.6328125,"learning_rate/group_0":2.097152000000001e-05,"_wandb":{"runtime":1532},"metrics/MAE":0.5626308917999268,"epoch":0,"loss/mse":0.5612655878067017,"_step":210,"step":0,"train_loss":0.4986241879557842,"_timestamp":1.763174361220964e+09,"metrics/MAPE_log":1.1135360587340757,"metrics/RMSE":0.8391505479812622,"metrics/CORR":[19.336488723754883,19.023670196533203,18.750844955444336,18.52945899963379,18.351390838623047,18.216716766357422,18.115407943725586,18.042390823364258,17.98213005065918,17.92915916442871,17.88302993774414,17.845233917236328,17.811731338500977,17.776771545410156,17.74518394470215,17.718854904174805,17.6859188079834,17.65560531616211,17.620943069458008,17.571088790893555,17.503097534179688,17.41738510131836,17.305307388305664,17.178600311279297,17.04438591003418,16.91584587097168,16.806665420532227,16.719390869140625,16.648860931396484,16.591732025146484,16.550064086914062,16.51384162902832,16.485706329345703,16.461334228515625,16.43783187866211,16.416135787963867,16.402786254882812,16.388553619384766,16.3713321685791,16.35125732421875,16.332475662231445,16.310657501220703,16.280426025390625,16.234655380249023,16.176105499267578,16.103605270385742,16.005390167236328,15.88726806640625,15.75384521484375,15.62239933013916,15.499076843261719,15.395760536193848,15.301812171936035,15.222436904907227,15.15457820892334,15.096643447875977,15.039533615112305,14.984785079956055,14.934126853942871,14.893267631530762,14.86125659942627,14.834485054016113,14.81307315826416,14.798116683959961,14.783955574035645,14.76954460144043,14.756571769714355,14.721145629882812,14.673589706420898,14.616170883178711,14.543241500854492,14.45641040802002,14.358383178710938,14.262540817260742,14.1722412109375,14.092622756958008,14.023244857788086,13.959959983825684,13.904557228088379,13.85896110534668,13.811079025268555,13.766870498657227,13.722319602966309,13.688285827636719,13.667439460754395,13.64390754699707,13.622093200683594,13.596404075622559,13.563502311706543,13.525869369506836,13.48609733581543,13.436244010925293,13.376410484313965,13.311715126037598,13.244236946105957,13.170584678649902],"predictions/samples":{"size":205767,"path":"media/images/predictions/samples_210_4d589723d9f2c8d50c33.png","format":"png","width":1200,"height":1500,"_type":"image-file","sha256":"4d589723d9f2c8d50c334b7ac754ecb1f0b40dccd797b0b7771d209a5f4a42c6"},"metrics/RSE_log":-0.09850225545687027,"metrics/MAPE":12.987813949584961}